thing_key,thing_type,id,created_at,score,num_comments,title_sanitized,author_hash,permalink,subreddit,flair_text
9280927d129d6f0fdd4a05db9a7c6c9eff340181b9432f2a5c496a3a1c6871f0,t3,c39634f8f6df699b650abed77583358783a7d444827d2c93b98ec8a25d6c129d,2025-09-09T18:42:24Z,0,6,Is it safe to drive in February through Dolomites Region,7dae71e04b3cc361666f0b2c805185168db63d5cc6b9be8d41bce24c0c2bfff9,8e36e04230940c9c5dc0e67bbf00061ddcf942d21df350984e3cadc97d0e06fe,ItalyTravel,Transportation
6944d370b6e24dffe99337975f3e54e64eec8ca89816d07c2ccc987153997962,t3,6189a613a6be348db099c1a59e6e8138b7a7564caafad5c222089517b2f5f138,2025-09-09T18:17:13Z,1,8,Looking for recommendations for which city to hang out for a week in late November as a mid-30s vegetarian couple,7578b0beaba5d429c23546001279bb832487d740d362ef968d0542da50aad30e,9897eec5c4845e386a7813b917a182a6a17dd1e5305bac51d08735ac2360f0a4,ItalyTravel,Other
2934cc9d18d41af2ddc510f9f76f85f2a8aa74965a5b7b422bf18560b052281b,t3,7912d5739e9107368e5fd53738d02e75f0c05eca5566864c0e405ce0be7e4ddc,2025-09-09T18:09:02Z,1,3,Itabus is it reliable?,71e3046435d9ec8c2013654ea2c72357db06890663d909cb155b6eb1f72d58e7,ad5463801227bcb60a6d56b39af5dd5900fc2274bc378ef65d0c1b3f2190b2b3,ItalyTravel,Transportation
82cf0cc2ec8a0797dde094c22b179ae03b97e3c521a042c9cda9ba630469aec9,t3,72db0c80cbce1ef4014b6fb6c54ba89fb1ab86b63d2304006160883538b13a76,2025-09-09T17:32:03Z,1,3,"Itinerary Feedback request: Late Nov; 10 days; Rome, Florence, Amalfi",e580ca534ebcb86168245d7c49b8775c3256c744f6d9a78eee0d131f5aa7f0b8,7b6095a9b1258d595b96dd7bf40452f87850b013a617826fd1fecbb202cff722,ItalyTravel,Itinerary !!MUST PROVIDE TRAVEL DATES!!
5459241375631f9368436b5dd2ef15ec0808d2da24c37271abe4f67c45e9ab4d,t3,f79746cf31311468d364f40b6ef3d89873fd5a3e5338f860cc794519ac82d741,2025-09-09T17:17:26Z,0,14,Honeymoon Travel Stays & (2nd - 6th Oct),83378225794be9f643155332a4b5a233607a591f2235b63ad1a8c48eb4db4960,b93141fcf306f211b88e4e983d3892b4175e47331c56d9443ee0c755534a2d8d,ItalyTravel,Itinerary !!MUST PROVIDE TRAVEL DATES!!
4d745025e863bfb85e2e633c24c18467400c1773578f76d9274c2d5695cfc1dd,t3,ff05e0975325126c8a7980cc856adfe62cc80d979112e6e6b9df322bfb992cf7,2025-09-09T13:07:25Z,2,17,October slow travel,2ee0311e4dbce12d51c7a53cd69b46a8670e9a16bdcb4d51f77b3675abf8e662,f804a9f78dfcf811a82f8f43c11d66606a4dea941fdae35847ffbe2902c4af3f,ItalyTravel,Itinerary !!MUST PROVIDE TRAVEL DATES!!
3d5d5d4e47b8083ae4f36ce843e343c00e3b833e47dbb86828f0ce4b270f6abd,t3,bad8c464355125a46251bbf200c38d6b8834c759ea4dc2027505d7cb76846e2a,2025-09-09T12:55:31Z,0,7,Travel tips for Tuscany? Must sees and places to stay?,59922e3b3c19797b265dffc4d4b3dca90da26045e7d5ab2e373760f0cd312753,9d3cf9607a27876150ea4f42d0651e0f1d4117b490a959b4209d4dbd466b9b8b,ItalyTravel,Itinerary !!MUST PROVIDE TRAVEL DATES!!
1997be68f66f897878bb07f5c816940be4cdc03ab11f9f933132e11498e9c90d,t3,647c90e5a6b4950248a8b3e0f2e7a99d513a629c9df4b1b902028d3bc65bebd7,2025-09-09T12:43:23Z,2,1,Atrani or Salerno? Best move for catching an 8:30 AM train to Florence,163d7114f4ae258bcc5c1db8bb63bb409ff14a2fea3fc77b94bf0c026b2d49ff,5bbbe6ff84904db5627b53590abd122f9e1b1b72ad1ddbbc5faee8b6a0cffb00,ItalyTravel,Other
61f553b301468064cf3c0700947428dffefb58e301f941a97f1d96c50100d0d4,t3,5f2aecf3dc5f6cc1a67f57b1ca5083b9c64129dfbafdd11069c2182b648e8b30,2025-09-09T12:29:50Z,0,7,Summer 2026 or Winter 2028?,83beb92ec61ad08a4ec4044d8d164aab40d8c84466544f71ebaf5d0a62d7f6c0,aa3e6c2e9fb13afb829dc7fec7f121bb0dcd7f9665cafa869dff9030c9a2bb9d,ItalyTravel,Other
b07f92cc9254b116baedd5cbef4dd74ac5108a7880774fc25fd64e8a99526930,t3,8c1344751537f97b0d6080997f4c3df85ea1ff16cefef04342ba775bddce182b,2025-09-09T11:15:27Z,0,12,Halloween?,5ea76cc30b74a2a4be30acae5629c688706c824d4009ac83a9203667239cbe14,c5822a8e33ba92a28f79a6bf73d4b300af8442db5a650148c18b89ad679208de,ItalyTravel,Other
12e83bc982765555ebe3be0bdf1382b1991f0a2eb3a4e6e687a8aafb4d229dfc,t3,08bcf83af8a6a46b286b4543f28794a65281446b78100137dd1a9694a6526d90,2025-09-09T10:55:28Z,0,4,Drive time from Venice to Milan Bergamo Airport (BGY) accurate?,454fa62ae1d830f87908a915d0796726a779e6d994fbbf6169dd1431ba9848cc,e98506cc15d9fdb75150644794c4b114f71f2f7e33d18230106f86d7aa773b84,ItalyTravel,Transportation
06d8f5ab588fba0cdfb309c867b3a7fab070d44ed3c08d59270175fa36865363,t3,fc4f35c62c882d1c76f0c7e1facc49a960fc20c9031d9d5d57b23a321e982233,2025-09-09T10:30:32Z,1,5,Rome colosseum tickets tomorrow - potential thunderstorm?,da2512ffba460abb87df09b45f23b1df02a260ada8db3af160032eabd61e6ce4,8a5acbd03ec818822b6ac00647b45198503aa8e42991ef02d46cc825fe159c37,ItalyTravel,Sightseeing & Activities !!MUST PROVIDE TRAVEL DATES!!
eea1747f38ec8e0a05b986b73297af7f40bc2d28f410a829f9992f204796f0c8,t3,4801c7daf51f5c680a30e4723d0f205309a2d64c98ed20820f5878d8fbe25a0d,2025-09-09T04:31:51Z,0,11,€40K on a “5-Star” Lake Garda Hotel… and we felt totally unsafe,7aa0fb8649cfc471d25436fab2f243192ced50789a3d22951f186b88d5d00eb4,6b7a21f7e3451e468347f77b969b35efc2dbd8d0b6a8e421ddb58de1a6eeca36,ItalyTravel,Trip Report
c844b0f24a0512345ce4859a080c0582d02821ab5e103f03e93a6154a6232f02,t3,dfae79d8f9b4552b900914b9cff907c9f362ca9f5242365a6739064fd40d3cb7,2025-09-09T05:31:24Z,1,3,Relaxing weekend to end honeymoon at end of October - south of Rome? 10/24-10/27,287e4b3bf1ce0f1cdaa68e04e6f6421f98f3b1146b53aaf5ab476ff366316287,c417a674758c30c7bddb9f093cd05d267f44abb0626ca0fbe735fa1a5e97dd5d,ItalyTravel,Itinerary !!MUST PROVIDE TRAVEL DATES!!
8ceef95a9a0cacabe7ae460c4e3e57f4afeebf86131f134a99e85ed950cc18d4,t3,568f46afd6bed839c0d0a9f2015b61f04e95fef0650a52e12881a7cfbb6689f4,2025-09-08T22:34:08Z,2,0,Tempio di Diana - Villa Borghese,51fa9194b734d13bf579374f1632388dfc0fe4d555d57f7d521cf15d951dd88a,423232e02eaca11c6b45738a283bbbf2a0b921a02beb8cdbfc375480cf629a47,ItalyTravel,Other
96ba87626117efd294a7391be478506f2000358b75172c4b4b958fe9c7add8dd,t3,caa36c41c60e8a913d0a4c16c5428809eb859951b6b75e7482ff5fb5f494f265,2025-09-09T03:42:43Z,2,14,"First Trip To Italy- 3 Week Itinerary + Remote Work ""Base"" Advice",11928394b17cd32e4b183d835ae5973e4937b79fb9cb3e5495b45c3aa8631c6f,99dee1c5d61577d544fc0c255bbf02567fd0877a0a4b874d423f6c388ed10251,ItalyTravel,Itinerary !!MUST PROVIDE TRAVEL DATES!!
3d93aad3bf20b8949d03abf7c3a6aff80b34a2364e1abe301637620a3daa2a5a,t3,bbe05222e5ff5310a33683a93f8c10acaa017c88a4812affd627a6eab8c580e7,2025-09-09T01:46:41Z,6,18,When is backtracking worth it?,829dfdfaf691e81d17deb1b7fecab46041e2b9435ed65656d384c29784c9a950,92b24273714c286796f8c340044e1d09d1d364b60acbbd19acb68ebdc620f72e,ItalyTravel,Other
a63f2ced64eb93e758ddbf655f248b77d231b818d3e582449a42c3cbafe8265b,t3,e46fcefb76f2fc56d35ad2a10f7c4a7d2bb699b8e5a8f14d2afc84f82edf5a9f,2025-09-08T22:27:16Z,3,3,Borghese gallery tickets - question,e02847cea62307f6d7290047fc711aa0c667162dc6c59e330a48cf7b1449a803,75048fdc614585701becd1943c380af8467aac3b0691fe1c230ccc665fa67e5c,ItalyTravel,Sightseeing & Activities !!MUST PROVIDE TRAVEL DATES!!
470ad9908c00cbf0d79ddfd3ce78b154eb222421171826910102a3e627cf8279,t3,1af01bd1c78267105a637cb6bb1234e164aa91645495b812e744d1ed9f85f045,2025-09-08T21:13:12Z,1,7,Private transfer or ferry to amalfi,9f7c30ed388ca5b6c5af33c2cc0aedd1a36df18b7ff69a6bbee4483a8c278800,4a0cce29e921f09104a3e9d452887a5d3105f85490426a81d025afa65d03a949,ItalyTravel,Itinerary !!MUST PROVIDE TRAVEL DATES!!
746d1e969887e78ab0ca51ffb32c2f0dee8705b545467ea963b898a8202f9fc9,t3,1b8081925169938edbf6e48ac987ca3a43173d98c5876a4a3eb6e154e869c392,2025-09-08T20:13:19Z,1,3,Buying football tickets - fidelity card,3033538fcb51f4ff6b79bd2567d1a23d2e2952829f96deb5aa480f1e631900d9,abaa74a3b4729a4768841a6186002b644b33795d26ce04a90aa1c3d6fb8ca620,ItalyTravel,Other
45ea7dfa7a47e2e850d1938dcb1ff6501d4febbec4145c4e0f75058e6d41f416,t3,fa6aa4d1bd128f41d38e7c0f0532061ad8dc60436584268a1099ce222aa11062,2025-09-08T19:05:45Z,0,14,Driving in Italy - IDP,e1c31b724467f713a702ca639061fe6b981ce2e2aefcfdf37dd891d9aa73075c,853352295673b145125284056cb8ba67469570030637d62ca76e009e886ec1e6,ItalyTravel,Transportation
f26cddac05c2de846aaebe138b9b6f54bfdb664e3d9a61ba4f9ed0dec39c6cf3,t3,6a436f17dc78ad0a42d51d7ab929e2a1897909472cc347cb057744b3c43e8bc6,2025-09-08T19:04:42Z,0,8,Walking with bags between train and ferry in Como and Varenna,85cab40c5c2b10233df3eeb3c2921ff0f1c3d94bf45a5508d034f9e8168def95,55a3a5c6cadbc8a05c298832e70a14e64152612acc5f9c7b09578e5f0683dcb8,ItalyTravel,Transportation
028118cb9ecb21c60746fd32c2d50aa0dc1b34516843ef0b545838f6004ead4f,t3,595d4fa7cca8420b606a48102065787018df72ea7135d6260e952c6acea8a9d4,2025-09-08T18:46:18Z,0,60,How likely are we to get mugged at 11 o’clock at night walking two blocks in Napoli?,2becc7a3d2293fc8ba1b86bebd865a714f16afd7c1c6fdf293609205c704488a,8ba198105fe9e027d185b8588d57546d216bc4f33281f0504381601ab6fac799,ItalyTravel,Other
f9c3c0aef7e789e1c2f4f423333923c89e2d8988d6081272b5f92ed49be36bdc,t3,413ab04c3d9054a7b0dc49d5210da81b521e0a26750c63f0e478879b02cb603f,2025-09-08T17:25:56Z,0,3,Mid to Plus size shopping Rome/Florence,ce9dd51d9d56dc2dbca7af144eaa3b15b47f91824fb06dba4e3c546a4a323a41,3b270ce5deb5b43fe8bc3885410889753cfe3ae29290c69ab229df0a7c078064,ItalyTravel,Shopping
3399e0adaf5343a3ffd71edf4827e6c0a708d2c74b3fdada052084b73f5f04ff,t3,454fb0fcc09384c1f583a522ca343cceb7aa28c92ab40c009cd4f850cf1bbe0e,2025-09-08T16:53:30Z,6,9,What is this character? Posted ever so often on a bike trail in Cortina.,5d50049f83cae4821c982d7eea49cbbba3f914ee603c65b4ab0abd184f687a4c,3e15651d2a99445e7af22ca1b25b6cc21fb947002a38ab05576d0284976a597b,ItalyTravel,Other
3a24dc71a77b1ad1870f5ea326682b9c1feba485e9021fdfc7abfd1d672b9eeb,t3,9a7b242767630a8ebcff8ae45ade68d2812cc26b154e6a6e75317c54ea8df970,2025-09-08T15:36:22Z,0,7,Looking for hobbyist photographer,09c3b0483c0ff92117026ccc80e522ed3807c790a66b40c377dc167fa0550919,eac08683a5f08074eebbbc0113bb865295fe61f283d0ec0096e29a433190572f,ItalyTravel,Other
a3815fb2204af2585f70948eee9fe7ea9169f992e9eef7f158e121bbfd0db3f1,t3,6a0d79dbbce40c91e05fca9baaa552bcabf78d4ef645a82ce41075a95946e137,2025-09-08T14:05:38Z,2,10,Cities/towns to visit near Milan - 15/01/2025,c8329c45ae429627e9ba98152bd14f60a903769b030b133064a3a122e8ca9bb8,32451007de4cefb39a9a87056cb46746ebc09ae21bd021f3b4b495be277f30e7,ItalyTravel,Itinerary !!MUST PROVIDE TRAVEL DATES!!
a6f316420850c43bc34316bc08ed77b9e7db27b0265ecdd5d7e2417f4fad951f,t3,53db8600becd723b1c0b33c53ed7f0ef4a7c66502dc77330935a254c22c41001,2025-09-08T08:21:01Z,0,1,Urban Dance Studios in Milano that offer drop in classes?,302f5786ab8a7805e3736032271fce44ef316a0cc9f3dd7a579ba483e955f36f,8a36574db914d4ab56177566f6e5bfa90f2e5509413b9b31ca7458af189120f4,ItalyTravel,Sightseeing & Activities !!MUST PROVIDE TRAVEL DATES!!
a026a2b4974e45c84dd629d2e9e9939af21605b326cd4a533abd4c9fef97a1eb,t3,6e9a69b0d6182e6f017250c8523875a5178b9b17fa103df07dec346640c41c4f,2025-09-08T06:34:35Z,1,2,Confused about entering the Uffizi,b77671f2ff7c75459a023e18b31028868a3bb9c45b6188e189008899e68cef93,3689628ead45cd5f3172be68492a542c8e2786b5352f76077ce59b8dba8954b5,ItalyTravel,Other
bb1933e2b9e6fa0312a4935357cbd35fb4f04bf70974f8567015e3cdcda911a8,t3,7f6762fb7df69812785d357bc78b2fd606d4feea09ac73106a96054920f426af,2025-09-08T07:37:48Z,1,4,Family friendly activities and hotels in Torino,be09ebbc9f0c1138585b503b12de1a3cd69782f9e338611563c60fe8bf879856,38cc7ba89aee3a8162213db265f7636294892c6a9766d7d069bcc8e67d1ec167,ItalyTravel,Sightseeing & Activities !!MUST PROVIDE TRAVEL DATES!!
2e9ca5c31c8c39dda9736a4dd93889c4bf856ce93e0c6ce8534d68b5067cadf9,t3,b2b5fe1fa421a3a16dd0cdbeb2134c9a63997cbc3b83e8cedab38cdb2712b49c,2025-09-08T07:22:31Z,3,20,Suggestions for a ~1 month trip,f4405144f10a3e01c69de03fd29df704c5dafde4b19bfe457141716590eae95e,04668a7c2d16a25e9e4cf58fd72a0dcaf1f6cd3d69d406cc920792d741700c17,ItalyTravel,Itinerary !!MUST PROVIDE TRAVEL DATES!!
f5d19f540d292cd132128221c807f95b7a1ddd38bf836486a39ae43ca729c7d6,t3,4e1b63f85b0c25a29b36841c2ddecde6000b664fe2f885aab28e1d711c61a654,2025-09-08T01:53:15Z,0,20,Tourist experience as Indian American in Italy,1288c29b3c8b6cb40a2f5b5278f3f1520e30f6f4956b71d57e400aea60f055fc,bea9ade6c4a8854683aaa5d2e70c90e7df4396dcdde3cbad31c9ab4f48adfd15,ItalyTravel,Trip Report
3bb50612ef3be7476f95c483e57b84dd62a15d74ad1c8861fca9d9e06de3d3d4,t3,6c8ab4f42da1770fad8a589476c8628aee31edbe61aed6f377683f9b9cbdda05,2025-09-08T03:27:49Z,0,4,Dolomites thunderstorms: what happens if you can’t make it to your booked rifugio?,5f0af3b1018bf49b040f097d20ce7c3264010c30ef0832f7e0999b1737db58c5,c452a9e658535edded06d4d337c698099e9485809c56adb8f292c2f42734e5d7,ItalyTravel,Other
0d61bb3018c101da4db06c4e4c9710deeb0c7cd97e1cfec218f1068e2d870ba2,t3,01db44c072cbeaf87cbd02fe081f71814a1733ee9c330a6fa6e8f97115f121dc,2025-09-08T03:09:28Z,1,1,Itinerary Help Needed,84da58dfce39dd1f31702e0c031d9705bedcc66de8b49d6874f4dd6966514ceb,c42b81155e3c37abc658edbfbe9773d3c2aacabebfd8d1802e0b4400e4024186,ItalyTravel,Itinerary !!MUST PROVIDE TRAVEL DATES!!
e6e5ceec3455188bfcad8bb44b9d31b1bfa9bd099308b06b4153e3c0557c9870,t3,079139a70427f872d1e5fb59b5dab8b9a81ad4a7345370d530e89ffd9f8e475f,2025-09-08T01:45:14Z,4,6,Modena day trip (October 13-19),bcc21142ff4cea05a210c1129ebb40d783a0e0d02957796e4450f3d7a665a628,6e357f9c211fe37fabf282019f20d412032e4ab5bb16b1605dfaa0dd36d2885a,ItalyTravel,Sightseeing & Activities !!MUST PROVIDE TRAVEL DATES!!
dc5e88ec35a24638be0ba34e76af6df886825ea4fc0306f1a8180b0c981487c5,t3,228756f82ef408b3dbf23d8f8a97d64ace6d2076feb8f0b7d739ea88da69afc8,2025-09-08T01:04:58Z,2,6,Day trip to Pompeii from Rome or from Salerno?,1fab041c32d14034d73f9b66c5304d92dd8320f3a6a47ea66892b133c3ba430f,26a74dbbd946a23c437855ef824e7edcd1650899d8ad88c0b83477ffa1d54e82,ItalyTravel,Itinerary !!MUST PROVIDE TRAVEL DATES!!
c4aa67afe68657e95fd6e6f8572f6f7bfdbb2df4442da66dafaf072dc165d2aa,t3,a79b7636a04eed42049d5f095f2be0948d43e6e267499601133a7c3a21d04d66,2025-09-07T23:43:22Z,2,3,Sirmione - Desenzano boat,1dca9d881dc0ebf0cc38518f29bed3c9189b1f2052b512b786e30ca549954736,11332c4a745b0a84a39ba13faff8a271fc13064b09ddf6c07d192765ba5f474f,ItalyTravel,Itinerary !!MUST PROVIDE TRAVEL DATES!!
26353d60a8b3792011501d214d4f1455d8c01c2e79e182f4575dbda7bc021128,t3,af5e1f43847c6d585af09c53730196c07bc98aad627d3887274094733b88a297,2025-09-07T22:51:40Z,14,53,"Should I do a guided tour of the Colosseum, palatine, and Roman forum? Or is it just as good to do a self guided tour?",7dc603d2493c13b3a5be9bfb6123c98b619af5194ce007fdc7748314ad204102,2d5a3230a628d47e31b213b13ff96893800446a0768329c4fb04b42766e9e2cc,ItalyTravel,Sightseeing & Activities !!MUST PROVIDE TRAVEL DATES!!
332fd0aa073630b644f90562323e3843118331cb8950ddbc7990c6344fd7f018,t3,6d275fdf7cce1a2a8e18b4d9b4d31df47741776f9baa91004f2d7ec8d51e2b0b,2025-09-07T22:22:38Z,1,4,Rome to Val Gardena,aae8dd916ac88480580c1cc22a788ed8551e58629645421cc658b1f223da1053,482f91f9b845664935ef619059eee2908204fa5c07e075f1e771c0f14c128d91,ItalyTravel,Itinerary !!MUST PROVIDE TRAVEL DATES!!
0bb14bf9c7415b01d7884447999d81f02aea773b603cce292e49b359dccd3192,t3,cefb56775129ea3cdde2b54b229ef62c703b8fecba66091cc049d0cf6e802859,2025-09-07T21:01:01Z,1,2,Need Advice for Itinerary (Oct 16-23),943ca486ee415a8ffb7b5c4814a6d501d5ea8c5371f582a9d801c09ac7915196,458d28d6a88b0f3c6b34cfeb24c8be739adf09e269ef469a005302dbf3e18d50,ItalyTravel,Itinerary !!MUST PROVIDE TRAVEL DATES!!
